<mediawiki xmlns="http://www.mediawiki.org/xml/export-0.11/" xmlns:xsi="http://www.w3.org/2001/XMLSchema-instance" xsi:schemaLocation="http://www.mediawiki.org/xml/export-0.11/ http://www.mediawiki.org/xml/export-0.11.xsd" version="0.11" xml:lang="en">
  <siteinfo>
    <sitename>Encyclopedia Humoristica</sitename>
    <dbname>povph_35621066_1</dbname>
    <base>http://humoristica.vphs.top/wiki/Main_Page</base>
    <generator>MediaWiki 1.39.6</generator>
    <case>first-letter</case>
    <namespaces>
      <namespace key="-2" case="first-letter">Media</namespace>
      <namespace key="-1" case="first-letter">Special</namespace>
      <namespace key="0" case="first-letter" />
      <namespace key="1" case="first-letter">Talk</namespace>
      <namespace key="2" case="first-letter">User</namespace>
      <namespace key="3" case="first-letter">User talk</namespace>
      <namespace key="4" case="first-letter">Encyclopedia Humoristica</namespace>
      <namespace key="5" case="first-letter">Encyclopedia Humoristica talk</namespace>
      <namespace key="6" case="first-letter">File</namespace>
      <namespace key="7" case="first-letter">File talk</namespace>
      <namespace key="8" case="first-letter">MediaWiki</namespace>
      <namespace key="9" case="first-letter">MediaWiki talk</namespace>
      <namespace key="10" case="first-letter">Template</namespace>
      <namespace key="11" case="first-letter">Template talk</namespace>
      <namespace key="12" case="first-letter">Help</namespace>
      <namespace key="13" case="first-letter">Help talk</namespace>
      <namespace key="14" case="first-letter">Category</namespace>
      <namespace key="15" case="first-letter">Category talk</namespace>
    </namespaces>
  </siteinfo>
  <page>
    <title>Lolcow</title>
    <ns>0</ns>
    <id>5</id>
    <revision>
      <id>10</id>
      <parentid>8</parentid>
      <timestamp>2023-12-15T17:29:30Z</timestamp>
      <contributor>
        <username>EmicraftNoob</username>
        <id>1</id>
      </contributor>
      <origin>10</origin>
      <model>wikitext</model>
      <format>text/x-wiki</format>
      <text bytes="173" sha1="8m9yjsmt1txsd5zdvpywk2p7v6epno0" xml:space="preserve">[[File:Lolcows.jpg|thumb|Lolcows, literally]]
A '''lolcow''' is that user that is viral on the [[Internet]] by generating laughter over and over for the fact that they exist</text>
      <sha1>8m9yjsmt1txsd5zdvpywk2p7v6epno0</sha1>
    </revision>
  </page>
  <page>
    <title>Main Page</title>
    <ns>0</ns>
    <id>1</id>
    <revision>
      <id>20</id>
      <parentid>19</parentid>
      <timestamp>2023-12-22T02:34:05Z</timestamp>
      <contributor>
        <username>EmicraftNoob</username>
        <id>1</id>
      </contributor>
      <minor/>
      <comment>Protected "[[Main Page]]" ([Edit=Allow only administrators] (indefinite) [Move=Allow only administrators] (indefinite))</comment>
      <origin>19</origin>
      <model>wikitext</model>
      <format>text/x-wiki</format>
      <text bytes="438" sha1="ichpa8sf7uhv0g4c1otef1kgbhrraxo" xml:space="preserve">&lt;center&gt;Welcome to Encyclopædia Humoristica, there are currently [[Special:Statistics|{{NUMBEROFARTICLES}}]] fake articles
&lt;br /&gt;
''"In cumedianz we trust"''
&lt;br /&gt;
[[:Category:Games|GAMES]] - [[:Category:People|PEOPLE]] - [[:Category:Hollywood|HOLLYWOOD]] - [[:Category:Sex|SEX]] - [[:Category:Religion|RELIGION]] - [[:Category:Food|FOOD]] - [[:Category:Music|MUSIC]] - [[:Reasons why you shouldn't be watching this|COUNTRIES]]&lt;/center&gt;</text>
      <sha1>ichpa8sf7uhv0g4c1otef1kgbhrraxo</sha1>
    </revision>
  </page>
  <page>
    <title>SnowballaspediA</title>
    <ns>0</ns>
    <id>8</id>
    <revision>
      <id>21</id>
      <parentid>14</parentid>
      <timestamp>2023-12-25T04:11:52Z</timestamp>
      <contributor>
        <username>EmicraftNoob</username>
        <id>1</id>
      </contributor>
      <origin>21</origin>
      <model>wikitext</model>
      <format>text/x-wiki</format>
      <text bytes="146" sha1="1wlb3or7u0m6mct7u2of95dvhrpmujc" xml:space="preserve">SnowballaspediA is one of our brothers on the [[SnowballasmediA]] family, this one only talks Spanish
==See also==
*[[:snowballaspedia:|The wiki]]</text>
      <sha1>1wlb3or7u0m6mct7u2of95dvhrpmujc</sha1>
    </revision>
  </page>
  <page>
    <title>User talk:177.226.245.130</title>
    <ns>3</ns>
    <id>11</id>
    <revision>
      <id>18</id>
      <timestamp>2023-12-21T22:40:51Z</timestamp>
      <contributor>
        <username>EmicraftNoob</username>
        <id>1</id>
      </contributor>
      <comment>Created page with "For the love of god Tornitiu, make an account"</comment>
      <origin>18</origin>
      <model>wikitext</model>
      <format>text/x-wiki</format>
      <text bytes="45" sha1="tbf7mey60kuvy4hy5tugvq2menuqr81" xml:space="preserve">For the love of god Tornitiu, make an account</text>
      <sha1>tbf7mey60kuvy4hy5tugvq2menuqr81</sha1>
    </revision>
  </page>
  <page>
    <title>Category:Food</title>
    <ns>14</ns>
    <id>9</id>
    <revision>
      <id>15</id>
      <timestamp>2023-12-15T18:34:13Z</timestamp>
      <contributor>
        <username>EmicraftNoob</username>
        <id>1</id>
      </contributor>
      <comment>Created page with "Those things that put in your mouth to not starve and die"</comment>
      <origin>15</origin>
      <model>wikitext</model>
      <format>text/x-wiki</format>
      <text bytes="57" sha1="2iqla9gizm4bon3xpoc9qbyoltqfwxf" xml:space="preserve">Those things that put in your mouth to not starve and die</text>
      <sha1>2iqla9gizm4bon3xpoc9qbyoltqfwxf</sha1>
    </revision>
  </page>
  <page>
    <title>Category:Sex</title>
    <ns>14</ns>
    <id>4</id>
    <revision>
      <id>13</id>
      <parentid>7</parentid>
      <timestamp>2023-12-15T18:13:38Z</timestamp>
      <contributor>
        <username>EmicraftNoob</username>
        <id>1</id>
      </contributor>
      <origin>13</origin>
      <model>wikitext</model>
      <format>text/x-wiki</format>
      <text bytes="113" sha1="bn7aga4hqsiwik9d3n919if51hzfxdt" xml:space="preserve">[[File:CrazyShrekPics.jpg|thumb|Also ogres have sex!]]
If god made sex, so, sex is GOOD!, it's actually wholesome</text>
      <sha1>bn7aga4hqsiwik9d3n919if51hzfxdt</sha1>
    </revision>
  </page>
</mediawiki>
